{
  "forget_split": "forget10_perturbed",
  "retain_split": "retain90",
  "retain_num": 400,
  "retain_slice_start": 3200,
  "k": 20,
  "indices": [
    0,
    20,
    40,
    60,
    62,
    63,
    64,
    80,
    107,
    120,
    140,
    160,
    200,
    222,
    240,
    260,
    270,
    274,
    320,
    382
  ],
  "max_sim": [
    0.7380186319351196,
    0.7273692488670349,
    0.772223174571991,
    0.7527903318405151,
    0.7880411148071289,
    0.7512512803077698,
    0.7733508944511414,
    0.7633853554725647,
    0.7262901067733765,
    0.9552486538887024,
    0.9570636749267578,
    0.7712187170982361,
    0.796212375164032,
    0.7550725340843201,
    0.7412334680557251,
    0.7915483713150024,
    0.7305222153663635,
    0.7454301118850708,
    0.8411262035369873,
    0.7287951707839966
  ]
}