{
  "forget_split": "forget10_perturbed",
  "retain_split": "retain90",
  "retain_num": 400,
  "retain_slice_start": 3200,
  "k": 40,
  "indices": [
    0,
    3,
    5,
    20,
    30,
    40,
    42,
    60,
    62,
    63,
    64,
    68,
    80,
    107,
    120,
    124,
    139,
    140,
    160,
    167,
    182,
    200,
    222,
    240,
    244,
    260,
    264,
    266,
    270,
    274,
    280,
    295,
    316,
    318,
    320,
    322,
    341,
    364,
    382,
    392
  ],
  "max_sim": [
    0.7380186319351196,
    0.7239018678665161,
    0.7090787887573242,
    0.7273692488670349,
    0.7037489414215088,
    0.772223174571991,
    0.7239397764205933,
    0.7527903318405151,
    0.7880411148071289,
    0.7512512803077698,
    0.7733508944511414,
    0.7192857265472412,
    0.7633853554725647,
    0.7262901067733765,
    0.9552486538887024,
    0.7241616249084473,
    0.710505485534668,
    0.9570636749267578,
    0.7712187170982361,
    0.7190064191818237,
    0.7105727195739746,
    0.796212375164032,
    0.7550725340843201,
    0.7412334680557251,
    0.7049299478530884,
    0.7915483713150024,
    0.7211242914199829,
    0.7166242003440857,
    0.7305222153663635,
    0.7454301118850708,
    0.7181915044784546,
    0.721174955368042,
    0.7109770774841309,
    0.7071053981781006,
    0.8411262035369873,
    0.7101931571960449,
    0.7254264950752258,
    0.7033244371414185,
    0.7287951707839966,
    0.7216921448707581
  ]
}